[
  {
    "id": 1,
    "name": "Hotel Ramada",
    "latitude": 46.764654252624204,
    "longitude": 23.598674125224626,
    "rooms": [
      {
        "roomNumber": 210,
        "type": 2,
        "price": 200,
        "isAvailable": true
      },
      {
        "roomNumber": 125,
        "type": 1,
        "price": 350,
        "isAvailable": true
      },
      {
        "roomNumber": 87,
        "type": 1,
        "price": 300,
        "isAvailable": false
      }
    ],
    "reviews": []
  },
  {
    "id": 2,
    "name": "Grand Hotel Italia",
    "latitude": 46.7522792440665,
    "longitude": 23.605990381045697,
    "rooms": [
      {
        "roomNumber": 41,
        "type": 3,
        "price": 240,
        "isAvailable": true
      }
    ],
    "reviews": []
  },
  {
    "id": 3,
    "name": "Hampton by Hilton",
    "latitude": 46.77539900854998,
    "longitude": 23.60182699638966,
    "rooms": [
      {
        "roomNumber": 32,
        "type": 2,
        "price": 410,
        "isAvailable": true
      },
      {
        "roomNumber": 21,
        "type": 2,
        "price": 350,
        "isAvailable": true
      },
      {
        "roomNumber": 64,
        "type": 3,
        "price": 300,
        "isAvailable": true
      }
    ],
    "reviews": []
  }
]
